1BQjt2ewApUPW4kNCYBcm9RDzndYwrTWRV,25.01800000
1M73CFrPoXmf7rKdpdXE1UQ3PXruJtWhiZ,0
1LuERC9Z8bN3UBK8AAM2eRwuVU2MoL9JGS,0
1Drd1R8NYHGt9TKDB7JkwYKtJrEEEryiBa,0
18V1nTRUpMZuXHfj3YUqPiA8m8Kv7rAriU,0
14eH4cKRogEpK2QFpLETLTyhvNJsYd1LxS,0
1KjRPpmi9objYCYgwALM4HV7gM59a1REuT,0
1GZVLTWpChbLkeBSq8AGVmUHjT4fAewR5y,0
1GrQJqc8wS347JZ4S3zavuwakAfWPSDcdN,0
1CAGmnprex5YW8z8WRjzPSYD5XtnodybSY,0
169Zd9BQ7gUrHrRXvq1MsrTMEfudZTs6wq,0
1HikFFdL664HoezQC71eU24QA8yUZLG8Fb,0
1HZnc6zBpscVYdpyoee9GzkZuseTbSkWa8,0
1KMjtZH8FQPpoThK7mqSBBag5Gp4xpNH9h,0
185e2YJrW83Gh9YZZg9RAtgR6CW31RuSgQ,0
19bvepmBzYho3N5gd5wSCZFDgZMSAEojBP,0
18TD3Ek5bYUEXuCZWKWt7ee7Shqd9iD6sz,0
1ExYY2iHuNdWWogoAB3TWBRzK3QZfKvTvu,25.06660000
196u1okLotB8Nhwwmo8dqv4JFPJ8QNbrn2,0
1LVRwbqVXXu59VZHyeMU3wqEVdaaNbCjon,0
1ERENTR6EpeES7mRqUKHEYYothKaMngVtK,25.03010000
1MKTG75MGR3RK6T7221coKrLfMN51FhsjE,0
1FKLWm4M3Y8jizghZeQmuDSTrYL9wL6eic,0
1F2cUjGwABtP8ELGgWaQzA46tUPgHhsJp4,25.04144471
1GbENmUYm11DpKufGWoUEJamrvvKkkS2vY,0
15pt3hka7JxLUCBztAw73VG2TwYnyyRoQe,0
1KyCutrgeAriC4UpLZLYdNEK8XeYfYvuyh,0
1Mk2djVofPSyTRrgWCu9fVgW8pPojqRZMP,0
1Jez5x8SAgviwFB5cWyLUYdUQvkfycuxAj,0
1DqNHHGQGnHtQLmkZLLSALqT5LV9zzgmCN,0
15ie2hAddGS27DVqrkwTp698tiV7Um7tr4,0
12FXLpvtyBYNVUojudCk2Xz8dF7p1Fm5r5,0
1GqidC8uUku4VheSaPvWBRyzHCgDzCSbwq,0
1Czf4UrcqaUr5W4PX3wjku27Y6HUz4fJHk,0
1Kx2LwLAEtxhkQTPX6t2LQm85usYecuBsW,0
1A2AAaPVkbrMfN8o4cGZdULorx2skcw6Kf,0
1HdN2zFqbRQMUws375LKhQf5h4jE5Unr9f,25.43970100
1MSPhsd6prWSg9ft43Gf5kUagiYY9mwfhx,25.04523800
16nUM9K1ksE1g2cZGW1et6wfFKF7BBRfmT,0
1KZsDsRobfy5cRVzxJtcNsoEkaucCFs5CG,0
1M8WAD8Wa6PvqNf65xrGrqRhogskR8Rbqa,0
1CsEcdRTkzB6XtbKrYJwKvBU6XVEm1myCp,0
1D4AwDpNmoCmGyJfkiGT21oXqXmKwRWy28,0
1DbTeE2kQEByjr7Fx3ztXkmGAVcFMHexUA,25.04400000
1GHpZ8mf9w9jnFQjPmCJ22LHopD61mUoRp,0
114hGVfmokm7J3HAAmAYqa1hN6NnnfGji4,0
1Eu1xrR1JkE3UGHKpRr7zAAm4HuEhK4soH,0
1WmCNradgHHMrVABLsmm2im78C8gnqkpe,0
1KTcmEG5qoj5hDPHJgGjchDNc79HCnQFoZ,0
1D9AgUprZxefPfjSbtvLRwDKcyACcDhGRB,0
18EqVzanesYCRitkAdYbptE1LWFWRw8euX,0
12apdS7Pfrzuj7v25wX3Np9c6uZrrD8aGi,0
1LhYZ5SvACnLiLPFKYqeihqKrRDvRpuzRs,0
1KYgeSt2Fzk7GjXMRycnC7wuxWbBMNDYA1,0
14Xrymbj8SA14DiiT7HUvgtyLJ8oNQHDu8,0
1GEe8aZCdheLCGAFsmbBSMAEkp9LbZypvg,0
1PJJZ2dDuG1JgNFE9o89jWPHJT8ssbdeGY,0
16KqQEetxewaPSKBCKxnfGJQiCRx3S86wF,0
12kYb998nAF1t1LLcWK9ErhLeMQobo5fZ8,0
1LUCszyujazbzHfuautJMzr39xPwibb4a5,0
14bbGMWs1AjrAy4KBR3qdSfgiCsm9mQbiR,0
1MjuJ8KQKnrGGbJqVJCAuqHzL2qWu3QEL2,0
1NiqchLgTFWw9VSaVVmpXKXULrup4pPasp,0
163AMHuSGqeVH1aqoegk57FDPpBiVGxdE7,0
1NxGGAR2NqNLngLqaasJ73kZX6x1UXt36b,0
16PG5EX55Zspo27nsVLXp7giNaj33rQAdr,0
1Hm9psfMuzUFEXrTB8Vq7GP4SCTqGH5buz,0
1HtfDZtiMvXQW4Du4QGFoDdaheKUTo9usB,0
1FEMP3sxjuXYR1cPXd8H2RQvz48NaEAxnX,0
1PDJrQwsFoDQYTh29oHPscxY6pxB55WQNr,0
13gJg2RatNaDy5umkX7DYReSaikHoSCsSo,0
1AumGP9RRx56DY3LTfwY1yAqyELE1E3nBB,0
1NUbPiaNVwXLmCczPhv5zLANfEZrX8qvSF,0
1MJCFPev2UWQq5c5pv3Y4j8kMZjsdJUesq,0
16fcbtRAAXLugGffYTN5zg2onUHo4M2ZMD,25.00250000
1B6p35zUc4ADhUtoEphvjzfoNRtsoApnbF,0
1F4zbPb3AqcR6t8yDwMSs2kyFfKEUmGm6a,0
1Km6t5d8axkpNfGsFMizGE5XLee72cMM25,0
154edpswVcsEupYgxfKerXntNfVUyZb6wR,0
1GnCV9uDYekBpTMVAbGsWNk7LJFDNkQRRH,0
1GzfSgvLrUK4JvrvdiFYadfbhxCioAtKQz,0
1GL5EUBgKj8xioYqeD2Yypm2qhFG8XJQc7,0
13TykmTiATzHqsEQCtHWMTE5WYbb1Hx7DB,0
17HGpQPUunDn5SgXAc9zhFoZMSmHTSkTuk,0
157Jz82pxxJ4KA5zWBpaBQZgpKWaVNBxJw,0
15NTQjg6oydgq7xU9TnNYifVgdz1VUSGur,0
14dma5ELfrq9H9abR3jRb8jQKQ2unBGWoH,0
19FcRXchwZkzLmyheF6G1DQCE6o7aztiX2,0
18o4JotSncd2t2q7Ts7W4o3nezgryvMdc5,0
1HRQ4wvdKjGV2Tq4ZMEbyDSr1adecUdMz1,0
1BMGkrEWE8tqV2RQtLXg22augD6ea7rycL,25.01200000
1GDYtyN9pHVdJjEhMZh8rrk58u2gKEiX5t,0
19CPTjdGRyu2HBbiRBm9cVUUVpYNQicYss,0
1PpojLyt227LSTBarMuZmqZATxgrKeqM5Q,0
131wkuSFFmPuoFow45rLjoyi8ENLVZXp6B,0
16b76KiPKYNXiphKPQynN4YNiZjjdyNydA,0
1Gk3FGPP64xgv9mEv7xtuNuwvUGy3EsBCD,0
12En4pTRTZCuuCvRQyoK4oyQFBGJTdbXJi,0
1JNtxXjghz1jLoVNev1rKadZQ5Y6JXrBrB,0
1PfbSt2oGwgbjVT22MsF7w5rShJvUgWezf,0
1NQGhUX55eReSmd8EArEKsLgrPLC4JFvdS,0
1NujMnLnfQ1DeEwF4aDUjCCmup6VTFo4QD,0
1HA44DEXtYLNa2QK8DpS2RegFmo46T7c1h,0
1G9sxJhufkBgBG9cX4Q9rUPtEj7P6x4ZR6,0
1GEh6eN3CdB6B3Y7TKst2QreJ2uJaaHe1F,25.16950000
1F2q9YLefCudy3LSeMnWSvyis5hCwjZzZE,0
16pfnnepffGEPixKUXaSGcQbw8SBJvPrFK,0
1Fi8hLUHwwdTK9H2HXcMEjmZSYHiknNnPA,0
19wYRUG8jqMRz5GWfedo8Pvptso83ZGJPh,0
19A6X4xtwE9vt3ieuXBgUr9JWwV4yUeEYG,0
1BZNJV7GSWhh6KzpZAuYEQs5JnGNkKS6bC,0
1DAJnzpgtco8kBiDpNB36Nikn3jwaTk4fg,0
1CoP9qkhXxHS5MNQXMtSU1UDnDJvPJwB6b,0
1Kp4SjeHQuiHgrx2myH8DL9FGAUW84uwDZ,0
1HLWFxMpGner7MFjyr78YDe3mojvk8up4R,0
18DiYDU6NJ2GR3QHymUXuPFchad5tf7xVo,0
1DxSVQMK33QZ6TioALoksrJze7Ks2Hhxtk,0
1NqkbWXKBkVxZrvnPqRE17GRDHcFbq3hwy,0
1DAJoeWGpCm6edP5iwHwB5wY9E3NSJdfPP,0
1BzgXUydRaMqiSYMAMjtQW5suM9D4vJCDo,0
1PPpA3Q3mRFjP6og2tKoLwmzZKERFwTNsH,0
1D9PPe6FxaB5fAChymUVtwAfcfvfmXPtUH,0
1NigMjn8Po6UwYSDkS5GCA5UfVJDkgBL4A,0
1Cj76nhAgywLHs6rDrp86QafcLrmW8epv4,0
19QdhXeKrVbVq151CKmg739kF4HaqfCn86,0
13EjgcRicnS9egMvbZ7UJ2p2KhtU5r1jM3,0
19ZWStKLSDHQbppTdSGuSMBjfUDeuR7HYF,0
1KfczWVR97BVDY9LXzVfP1zj998NVZRtux,0
1JqNmHV9N4mmkssnALrSnKg9HnE5mAnguy,0
167L4DL9XjraVZ3u9LbETyvWHoXjvU1YFZ,0
1Chb1PJknqR7aZqmNsu6c99a5DXncBCkEU,0
19K9MnJycVnZXJ94ADCreu3MSqdVkt9Q8W,0
1EpzV8xnJ61prckkdy8TCZUGAJcN4qXunq,0
1Q3WkupT9CmVQ9xCmLJjZtMStRHrx8Gohm,0
1H8yn4YgaCzC13JpCeVCsXchb4WYA7tobJ,0
1KuUqrtXoSr9pLrLXDNs76J6pctxkiDvxc,0
1G5GxWAk1KY4QBan2csZujr9MX6ZRqHXpS,0
13ZmVhDRFRmNvvM78aKxQPLZeACPv2U8zC,0
12H67EWKeXpZEAhmNMtTvPRQNWaZhrXUWS,0
1KRMBUJoZujswFBXHfbpafrj1EDWQCTtTE,0
1P4ZWXxZaVUVwp1hy5SKjXhcUCFgpkxYDR,0
1GKMRmgYcJhZqr2EB3uajPwajPLWrAcpm4,25.11250000
1EChVAFXBkSkDLAd5fWg8aKar7d8j1fHoe,0
1LaFuWBzdCbiBrDCkFwQV1tAMmJ3qQ8DXJ,0
1HCD9amg7zok1aLcTjZQDE8uQtkKfjfXLp,0
1PkY9s9o8YUk7Gtf9WbyJo3gg4wRVhauq8,25.01000000
19ytVsEyj7RUP5ZzHxdKnSSDVeNdynFnUT,0
1G1dNy2pHS3oxtMWVaVyuMnVGg5SNr3Huk,25.00200000
1JSX6HkH4A9wSw8jnFcAcxj2z8ebWEZ55C,0
1MCbC4kssSjnztfAfzGn5QT7baGmSLiChE,0
17XLHmVT3oG1J5BxTi52RAXC3cCsqAR1hp,25.01400000
1EeMAJvHosQoEA9sGybcrTL88MrTDvbg1G,0
1JirEFk8UqiY5LcJe1TtKn3gdZmBiv1D8g,0
194nNwELKSo6skQBCHGNdJCRdnqkoMQyYs,0
1EgtAChhYskf3Kpf5ti38WdqHtNmRfefDf,0
1MY2Bbx9gdKWVTq8KBp97kUKUiHgRwQgNd,0
1NArxWTspo6iUSwgfSDUJDMzH3VMt5VR2M,0
114CtPoyrKUhHGR2Tpg1YMqJj3QK5mj6pt,0
12h7UFWfbxsy1BHrnUQbZJmsyn63QcsmUm,0
1iYWgL5dY9CPW8QARPhcCFSgcoXJ2H2yS,0
17KWYscrVkp7a6AhnqAeh7sDCFetFk4vU6,0
1Q3VXrtMjfZ5sahh2uYKskNXYhCBcZHeKh,25.34700003
17F5nAFcb12ArDfXUWpAxJeMm6Q3m4JcPH,0
1P87nVkaR8GjugSXiFiKoVNZHjXh5YR421,0
12kXiPu34598DQnv77McYhkeHzYMhev1wB,0
1CuHjeL48igiAKuPdEcYZMNBkj3hEYy3hU,0
16yTBkv1AmiM8bvnUDt4hft971HWkhAxD7,25.30278752
1ETooS6yHA5euDKXXmAZ3CQzmuyzpfVpTn,0
12zZM5LQeC4xdtRMNw7DdJVcCRBQQ8Vb1t,0
1EEL8Z8stT2UQ6DFoUVYYLmrZsoCa6kf2M,0
15C234C1aN51WHuPGSRWu99EqmiMGD5Yfw,0
1MStg3X3RHo9ihrqoSaFMnEGUQuGyvphM3,0
1FZC6q93uPcsgXSpTsmRQqg1Ag9pwA19Qj,0
1MmNbmyjJUuLRm8tL85HBqNWVrSsUBkYkY,0
1NU2HyRqZgQuwQxorAczJLLD31MPt5nPza,0
1MY3Wti6N3m1XaAbmTLJb55LmnbVVVZnho,0
1DEVs77Jptz6RdGVLpDUGTjNpRDxAXJjce,0
19TkEWxHXVjSJDEmC5XErvCqeyeA3o1hUh,0
1KUiVBn9BF8UVPXGuPGfvjTyNhvaeigWML,0
13s5YjFKyG53eEbL5MWbkcN1Utjc8bw89z,0
131bukzNM4xytNGyzTRNv7T9eTRwp4YwVF,25.01570000
1ByBQYNUia4GP3Pzkw9JdsxNqFBbS9eRrv,25.51950000
1B7dFxYED79SxaJjG2L87wLVqn2tVwUGtU,0
1GEdTo44iwqHWRVGUjTgMsjFP6eMEvbCLZ,0
14RvhNevYBPy6Wgfjkz1u1UtaEFCb5qcwB,0
16wzZt7SPpqvbhmzSUhrzGd8AQc8nfUKnv,0
1AHduq7BTG7mVZPqFBZGse9jzi6gRZQ5t5,0
1KHpzsYs9BV2MkEd4e3SMWyPUb63EJFFW9,0
1H1zs63W6Uq6vdvDSjVZ2b7QMwoYU3pAqS,0
1EqCqqSs1rL4VmnVKcVuPPLZxwd6GWwPHp,0
1Mq24ChqRQXpsTdVcYnfU93AHoLrLrmumc,0
1GVJyM5q9vUxE5kz4o8sfjfGtjXqrpm8fZ,0
1EGtp3pKUdaLMvKTLZJD2jmqFs36N26hMW,0
1NdJ5WCru1wMBuVbqPQcbH7RYfBmA1LYsU,25.12710000
1MzxqyTdToBziAwHBaeUGR8whf6MSco5XW,25.17100000
1AfVfgaoWoXJJGATsHzZ8vC3MMSKBSezvE,0
1Ngav7xSXEbaukJqs4cB9Htg3wzDvteeQi,0
17UbLtmSGGoY1H1jhxuWyaehLAZZsN34N,0
17bJ4NxgmB9atohfjScds5FJvLLaeJF5nC,0
1NrBMRfq4Cxoeaewjx7RYZQYsiWQTUvSdP,0
18MzQVa8SwuEbSMpXBCsqCCuijfWx2cm5j,0
1HcM5LG3JjsKVtVyK6tz7MK6qFvUHeivof,0
134abWWKtdWiAr1uaggUGYwSB7LoL6h5QV,0
1NSBhUrJqVyyo93wa7SkQC88nKkocJ9EQF,0
1AVE3TxUmn4ULRk2FAhJFbr3122wtD8vDk,0
182rZ3erZNfYKfMnqusYoC9346D7ncqq6A,0
1DZBEECAZUTPVxmg1N95Qc8hQpLfirecHw,0
18NsAGydQTYnqcc3RUTsUxwZ7h4xZMX7rw,0
1EtgJSihUqZatT8Cy8x4rbjhJaMSnzjrTb,0
1CQugZes8wGnhSR8orPSV9EKP5zj8P8p2Z,0
1KvDyLJgTrW79jeA54umvAvoZsCV1MW1s5,0
1B9DFKKhHJ1i31iaksxhYZMQkdXtZJ1rv3,0
1H5mJSrbdUuwPkhsGYz2Hm37khHpj3MQct,0
16U6pU55fM1r6uN4VAjtYceFrxbJovNGoC,0
1K8JyoH7AE5qmnN8pB6zkdhzeqfbAM1ZGq,0
1Ltdd3NVAreWo2GVzcSiSEHEAFEjtruddD,0
1DdPBE6MnNn4kq8mFium9ouiWFRjrEV8UK,0
1KuNKfibpztook9qV72SDfLtzyvZceaGEB,25.06250000
1AsQqeJfQycHvaJ13En2G6jbA7VuFP5C22,0
1AF3DcGEMYTbS4Rwq3eqkbZQrmHeWpfk5b,0
1LsV7MP1dPjr8z6ZJbCdTLMXfPp3CrAMmt,0
1Mzn84pdZ7wiqbTYvevrUtQ2t8VWpgq6hY,0
1AhLyNomWPUXM9GbvyL2MDx1dhaewq9BLu,25.02440010
1BZeVnQ8kUbELwaBcejsRMgibp8JFsBNYj,25.02410000
1FPHDvB2DLitrdhwD6mzDMb4GFrNiu7xxM,0
1Aj8DEtqPiGrHf4Kudo38HLzDpK8k2CMHB,0
19eb1sEBZdhyaQK9F42UMWVppZXaNcq2ym,0
1A6NpopJJeYJFUjXquxaAVZv4F1zKP5Vrm,0
1EcAqmXKfqGjFWM21j6LoTcKTATEF1SQNY,0
1NBJrFs9on3FdR3DtVWk1kJsUZEZDWa1L9,0
1LKo3BQWqmzLfsswUGkb3Uad89qEs9HhVc,0
17Sr96wUimdTuhjt5GLQDKN25ov8ty5nzg,0
1KCxx6hdSAQXR6sWjLbc6ZAKWShT3U4iwz,0
13vosCAaqcr2YQBwj3vWQzwJyX3JWmaxGR,0
17aZTaG6eUtFns6QUCvzUFvDyEYhFh4NUp,0
15ZoyUMRPFAJGexjZvj2nvW9yfK4FgnMUB,0
1DpQomWtFtfKq7QQomNktqL83DyHYbkNwT,0
17cXFzRAz2kSfUr84LEMqX8voK2rZTQYdY,0
1LqaEAD6cj7SWJgHcFk5aQXANm3e95eGn3,0
1GNfDLxCCAcY6WRYCxa3MoqXue8fzW74ms,0
14h7dgSy5DS92tVzitLqfVjbyvaFQPvtyg,0
1Hm9mmwToRJqhWk2zHLHZND1JbSGKym6HT,0
1DHZ1NKom8YrBtBaLXF4EiD4gfEZu1RYEr,0
1DGKQtKR7qd9AwkR3DxSCWRFRZDL3EN2fa,0
1KxebLPW3UWBARjvK6H9ikkJTVQjS9vfjq,0
1G3GfgNdv3QNdShpyaMFmidS1DvpvZEzRB,0
1QBxgD3GtfuGc7fcXe3g61YqVhKg9eBbmV,25.01100000
17UKYRaTEJpqjDx9zy3iYXQoJUgJCJGBk1,0
1NMa3bqfiF1s3bkqdGNdN2g2frj4GQLCB9,0
15QFpJtNgyk1Ys7vLUgQX472bSB8BafZjr,0
19zpuDtFNBZ3GYokHZUPZEw7qnUReYtWpT,0
1AZQafiUC2pBQE8UzTtH4vK19dx58nBkmr,0
1Cd9prNy9VvyrYLHGAGMhA9YmUPMbWkA7S,0
151HPz5zMy73AaC1A77DPTwYG4PovRmz5A,25.13700000
1Dn1kGwn9WkqwW3cBaea5VqpASDDsQ8Agy,0
1BCSk6ns5YV15tq8wxabSzRSfWJzxhYnTH,0
1EGZUc1rvXEdny5VLoK95Trx1H9Bg2a8Ht,0
1MEzHoBggFFsEdknkFFGzT66rxjyDogHgE,25.00800000
1CoinLabF5Avpp5kor41ngn7prTFMMHFVc,1.59311365
1N712g2FKpoU3N1Bh6G9PoNYatLst99sgR,0
12RWTv1Gk2czVRDdAYxH5awuZqVjpNP6av,0
15X36W6dUDp8KW1a8iQXuCPcZA95roU6s5,0
13YCeUVyaxzLaEiTQ1bQQrgUudYcBL6n9A,25.01300000
1MyTwCHr94PETcTVTpZvNsdoSKzRK9Yj9k,0
14Ej186aeriAMVLAyvUoNxZYFSkbPrP6f9,0
1QEGK7J6Jd3rJhr9vr2RK4Z53wbQp81Dtq,0
1Jz5javZhFGFNaadYZTYzUtnM3QMMtq342,0
15Tk3MLicydxUjHfdRzZmycwBTDV2H4Ea1,0
1Eudgtronw9aCcxsxxFvciXNm8R8q6VZe4,0
1N2QZTBfTh4zrWNNo7Nm4vKggdeEd4ezZ3,0
1B1V3Nr5DQ9rYqWnMQHKAseZKqcey8nAma,0
18jDXQNVxBMPA9pXYcB8BCffgsMoeFQZgQ,0
16xj1mYgkGJ2Hqd2v3YnsFtZawkKbiSor3,0
158Ngs6LsLFeeSdc5jd4156wXiYWC6YLbM,0
1HevBHTsbJFAmu4wDKwUST8BzbZr87TCxt,0
14r2a1NbGxpwg38yufizU2iNxJq64xxtmb,0
1Hqxt2C8M9xb7PVfzuVHxdKjMpVExWyCkn,0
1GWFAEmk79BN7JGxYmUMboNaMPCHqRGtHG,0
1P9gyG6DouvxMpVfsHtuZ7v5pXRti9sLd,0
1MhzPX84q3nTgpNzpYce6TCdCkodwx2ELo,25.03400000
12e4d5dSkmeUF7JDjK6SVC7Y6UioaysmRc,0
1LyquJQNt2N5Q9zpdztPfZhzmzqpQf9De2,0
12WYnCg8u6ffjK2MArDnTnnfzgPHpgZGSZ,0
19J3htJQ4a4KxMQ2vhszWKAVPVibuzSfcd,0
1L4b9XP8TXeteYrPL6xTg7QvnGkz3brrb2,0
1EoPPQ5DJmXaJfXhMp9frD3VC7KXpZQd8H,0
1KZvCBviTTwewmPVRX3kbxkqsN6m1Lsvde,0
1PZWUdn1Rv1QKk1Q7NUwNZfsTKB2FY4Dyu,0
16ZsTrzKEAUjVkw4yRUaBTYbjcQ5J2gfw7,0
157rK6pJXNKfzLyKpV6cDabaccA9Ji3er9,0
1Gio6o1dGNNLS37WFZNLHdKfPE1aFV9vWc,0
19Skgay1Tsx5jJjXiXSiFjgwW7TzjfqPif,0
1DL1vnSFwVKDvBzSiCqkcEa7FKowN3Wm7Y,0
1ACaty3geitCxfnLqEDUr1dwq9JkWkn4PC,0
178mrNiGqP1TjWNxwtCZkp8zdc6u8PeWJE,0
18GRv5hRFX2FpKUZ4Tp7RibiyJgh13B1EC,0
1KQTpBcEFwf11w1T5CoKLPKwF92nEHzAzF,0
18msKcLAEWNqSg4uiWCQ1B9ZJVYj5tq2nm,0
1KvFmpk5o7ZJTvUFMWcvzpVVv8hPWFhRuQ,0
1DuCZMSgKDnmuVasZATvn77AEK1gQuqrwV,0
1Gt95pJu17MTRugvoJ13UoMDxTkPnznVHq,0
12jSbM5NMP1YzfEKkWWAkB62yPMGJEPYXs,0
1iLbKjGo7ofT2svnpy7Wj1Ef92bwLsiqP,0
1PrRxzv3ZwN9okBbw7QrVrbtSZUxi9D73e,25.00470000
1EadUp4M6hdMhKmHENgtzpqQatS7kDh94M,0
131KadeHZ2nCaJaEvPA7yb3jveUxRunBGB,0
1EvjnuZ8Q5X1rKzptNcq93HHMcA9jN5zBS,0
1F9dzozs3QZhrPWDRyAJouaiJJxtTeoBhn,0
1MdBnYY3rRZEeNa5Yzy44tY2hbDNQ6hebV,0
1LGrqBg15fVB1VEGXQ8sDgAavjG7pTQjNr,0
1JwtHQ44qDJyNYF9mBTegTxaSu6PmZiaH6,0
14grteZ7QZ4bQkvYV48ioeYRfqJkjj5Aai,0
1QAMvyNCwLmYGhNm89UM2et9pA9aFLhfG1,0
17kghpZgR1RpiqpA6toPzLsWcxQC8LbNsD,0
14pB3S3QJVQarmcQb1xbetHfbin7yEaL3X,0
1Dx24Ag3k9VYKkJmUXCPBcH83dLZMADXHY,0
1DHbhGvaJDysLTFKwr6xSUMBvGbBykJgFT,0
1agwU684DyhqhVSwCtZNyc7XbdsW48Nx3,0
19bE4FztnxsDi3w8hqw7q597bMFC5dvDux,0
12fk794K6RpoSogKgQZ1n7gGd1PTZZ1gaZ,0
1BoeJuj2FWr2NGG6fpNXSmjbU68bmzEwoS,0
1KcziKvuvuQYa7aBTEEsWEAL8mas1yYU3L,0
1NxgTQuxRPQV4LfEZMZbQQPdzx7NjWs8Bm,0
1MB1AfJPGzxM11Kyks1BY81zumNghXyp14,0
1Q3Rp9so5xFRgdSsz1VUfUek7T8syqPpWE,0
1BcV9Xd8sdZfXUR488TFyk2pVqM57msrYE,0
1P25Ridx5xEzfnN56hQL3pKgcqZMtQUjJi,0
1ACMVbZ1qJRJyKJYSkbkFbd4rrzh6DPwvh,0
1FYXdmrXhrsnjvUF7adR6jbiZozrJuqRAb,0
1JSgxpv5LTzbwB1imdfpWgfT7BgoMyiZDP,0
13JcEdjqP3th36BQoj5F2DyJWbbQQABca9,0
1B6aqntZEgNp4KRiM2Siur6AMXC8PEaKmK,0
1GpvHgpvErSj2X2p3GHuHZGwVYgKqaKhPp,0
1K5p1mFfYkN2Pdri8RGdq9Hd5ZQCUFPFV1,0
1UkaKcdwzwY7CkGNEd49wxQf8zxdBdqdn,0
1Pzak3ucnXZ19DccwQSWPBEHcNZtxPhbVC,0
1Ftck1EvFNqPgjRY2Wj4XEfQJ7JGLDZJ6P,0
1HKtn46EDywTq11EA5LK26t7mGPVoKieb3,0
1GwzwBUqNU4eJ2pgwBBnBwv8HSEEYgEJVy,0
1FsB4eEg7fbjyahEH8skf2iRRPPqy25QPU,0
1GWUnEySsZCNJUHrDgQcEFPbJK5wT2kESj,0
16BchrY2nBD14xuQiQJNLSqoYeodMP1Np7,0
1Ln2FS3zNpE5uSTPXuDEUK6zXdeEhepzQW,0
1EgtwwZyKXhDajmPXcXDMUff1q1gc9CrYo,0
1KXnwjrYb26md7dbhX1fTVruHfeZCpneHk,0
14QHZV2cQQHv7mzL5B4DUvUaquWd6ohrDb,0
1CGkBAoqKRf9hzwMHcfEAF5mz397Aj67zw,25.26250000
1BfATDBKnZ1mFs9oYo4yNjMp7wCqKd9wnq,25.02600000
17SEtNVfRuFBnbjfMwbb2W7e7tzEgvmtKB,0
1983t1cLr5xeSqLNXhi8QwU4XRX1bznGQ1,0
1Cko1D9Gfz7FTJXWp5Lz3T5v96bkDow3t7,0
1C1vkZ9GdUkZmQwAaeFFP9a11rLjwJ1FBj,0
1JGm5p7kZrbnk4uKq9VusWLg81yoyZh147,0
15tzLWNtvfXWPLqK9vvSukcpzPNVt5UeLv,0
1NE4k6YTiBSdeh6vyxoK97NQB7vfmSX8rE,0
1CP3NL9C6e7HT5pKqZGy5Kp85yWWtPx8Ux,0
1B4VDi8bp23pNeyYCbRg2BD7CjGyAVweB5,0
19qkvqV8344KN6K221GA1XYPnbSgwGPxMc,0
1EF4wLvxU2arH9oWndX8xG7qAmngrX5the,0
1CW8GpziJf2mttKBw2f33HqhJDfNd7FNcY,25.01002000
1BcQkByRZk47TfNaauEc8aFBXH2nTt7d9B,0
1MHAiSJEmxKMbU28NFDN1rQemGPhopFFVq,0
1BqzchD7XybYy88dUbRgEhcMJ2FnHf3oim,0
1B1WnHnp89auFuJpo6uV8d543c3Y4fRYMJ,0
1Em4srtMdsCw7d4KKgdTLCr6fifkq21EVg,0
15GqfHi1tZCnm4yPhyDJJLwZN6nmss1cNU,25.06850000
1JkgKNs4NsWBZt5LzZhsE9MvqTAWdfjkbV,0
15nyDJvgzFL1UrXceFf84PHKwZT7Tm5wNF,0
14WdHa48B6S9LyMfAAquNL1MRtjfYiqnpc,0
14VN8NNfccdj1z6gpwFuSU5xzAGQcPX65j,0
17uBqdJ33pWhRbirFJdwycaB8Z8HxLnQEk,0
14XtwQEi4rYHEEsbk2TQpgs5kVpcfUkvas,1.97431249
14TpQWxzeDfGkvGDm2TYDEpZBmJBfqjQmL,0
1N91Gp3FhyxrvMpkehrobFQ3x7fDdq2Fqd,0
1rGa5c9AuE43F6M8WuBfDqLGpFbgLS8Mg,0
19bem2fADE55h8PkQFwJuA5NXvbUnxpquW,0
19ygDrumcGpDWmQxqWxTqQDU9ZMQc1jDqg,0
1HqfC2uVX5wpBZRxuNdKyJLZe53NZi2uAG,0
1JheZh8AJtjCuHJUGgb48jLnhcKRGghT9f,0
1PK9RRMZSfp3X5uPjpeiWCNgT1oc66Mcgy,0
13goZCqBwuMsLXF2jArgL3xANG1odu2ZNi,0
1BeNLzghdguGrzbZqcHPnihbysC4yMzYBi,25.00200000
1YVi23kcnnPVEN6jPKwwSXKFWtxcCSJBR,0
184oR85ZbcoiZkWU97JL6Aokzuy4BNHoRw,0
16bpcG6o7tStVNRsfhKrshQKSkmGqmB6Kk,0
1P4jJ1mu9iccz27EACRmcAycFEaBwwZZax,0
1F5VKqpbnNqHVz5D1TNeyPe8tPsMpZRr1B,25.33900000
18byB84KiFAkWAFxVfSQQeAr5DGsfXJzZC,25.21300009
17PkPv3CiJ3A3yqMyWv5YLzEDaoaMr527B,0
124AQp8jMgN1pyBMABw9FceFnbdzHfMfLj,0
1NqL3ic6X2XiwaviCEc9vcRcRzvf2kWpYn,0
1FQG5SKCpwDzDu66r4BgWvgKUP9M3DXoUc,0
12JVey8zzP8SfFurRq52RBaUneiedsxLvR,0
1KDMCSWLKpJZL3vQfSCSQ98MXsqeWJ3PtU,0
1HKfQsXjgb3ZfPk4h7sE3YSCFHU5vECx3H,0
1BzWiSS4e5nruCVkNhB6WLC1VkTW9h5et2,0
1JRfyef3G1BUKWtgs6EsxXgEMewQwosdf1,25.07948873
15498uUomKnBmKcSrXYFKWsxmXAxBc4p5f,0
14xoDNqo83eB9i1w9fnY52RY6mgf13yK6M,0
14UyFpBs3M9y2BHxbo61nAQ7JHMfLDvY9S,0
13TgKAGRQ9CFpKhJVUY8gDvjW41BVqBsS1,0
1EhZ6SGCRx4cj6xAnqKhxA3C74qUtAz293,0
1Jfhjrhoar1TUhkWWzKUXniqVBKH79ycEM,0
1FX8oWwhW5MfuA5hougCghLaVupqB3815,25.03650000
1KZEiY4Tt5Xr5goCPo5LydX3jAG3vhvKPW,0
15nRf2VpFVSVbwu5QPgcX14Bgq7c4dmoz6,0
17vav1CXJfYg1Ny7zBjxVZMXTBRFQEro9h,0
1LnpjMykjVQXjxo4HAxpBDNKe9UeGp8Qgu,0
1ATd7tekNWLZmx2UjMGjtw344AoxaP3tfH,0
1EgU49DqGAFpTtS6uDbfbZDkWPdGEBZvNN,0
1Pr88NqDjakFwQJtjvTgnXSvfxaNcC7bgv,0
19FMQSq4iM4cvWyLLDamxH9CNvwfmz3mni,0
1NPvJxoddtd3zdnF2Z3p1nSagibcPGYfWD,0
1C7rZF73pc4qS3H7tH21UMPhwUHXFbWzhU,0
14shvPhqgt6v8VmkYGbc999kKLLvWrkXb9,0
1GqS4MkzB7PkHhcgs1xeWHSoq6pAcJw731,0
1HHAwocz2Zc99eXHGbLrmDxUir4Pz4RAYN,0
1DZiry12RXtyWKUm6YPQxtPW78Z5ni9ZFg,0
1AUfgURGCRHUUcPpRrurGS2bj3WR5x7bop,0
17UZgafHB8Udm8P5MbxLKt2ueLr4PnJUV4,25.00250000
1Nj1ysoLVrbTGL7Wa3eX7HpmSv1tBUHpKa,0
1HLYV23guraSJXRW1kn5zNhHG6v1xQaaXj,0
1HyShTQhRXMFa1C1JMRSsc8Cf8pkArN5Tk,0
1McpTCjE6PmVJzxcnmQdHdpbcEDSAbWXe4,0
1G1epK92cEJ2YuRM44m4zT9VFQ3czh21SN,0
1JpeqTT6YkMB8K6aN5WXovFvYjqnkV6gEk,0
1J7QuatETq3CbAeJCtyHXxmBj3NTA53Rck,0
18dHSPGLgXRb9wNqpRZmaSjjMy31SYbGVT,0
1CCS3wzUQNAuqTeDgA8kACmQXsNRB4yY9g,0
167rWg6pKc2tgNpuqMBJTxLiT4zsvDzjV9,0
1CasXV1j3RXwtiwVeyWUZyChXfgjnMziKE,0
1coCR1qJ9kvaKHBFQQayKUkV8Z49rjAy2,0
1Dk51aLhDTAy7g3SRAqicP3MM9Ziu1Vi8S,0
1PVE4HYmihNqLgMn52A7hWQZQNNqharJEJ,0
1P7S6R9Rfz2P2dNaucqAqvFZkSErwH31X4,0
1EPdetTBeaPEn67oknLXWSHGBrwTj4K8GM,0
15Zw6bRyL1t8vYVVkZeQx326QFjqxbThN6,0
1NwHiAD8JamqdKAuYqSr8MuqFN3sgUXbyC,0
16Hu55iF8eMcKztyMLHMgzAjKA57hWs8XY,0
1PMQKVU11E1Baqr12V7WM16wcQMjNTrZFC,0
1PpVfdS8NVw3uAn8jUg8UcHqgq85xKpftD,0
1E7yfkZEXmA8LMQLDNPfnqD1gLhyfpWqTx,25.01950000
19reTGVvHRN6zQJkX8qrNPonBRfh9uV78U,0
1KpLxyxr9AYqCYpSsVYis419FbLnXFW8n2,25.46830000
1DpR3LeA8yjwaqVSxxndjEh9dFdypU2emt,0
1MSrXZzqe3ZhoFaW6cGMGPRdFCA3qwmcjN,0
1FicvcqLsVg5Et2ce1bpuBcWhihdFH5JXa,0
1345sj6fFpKrAHGQ87LKnr1XWjhie9EB4Z,0
15wqG1T4u6BSMtJ96TAkFfL9nVknocYbdG,0
1Grh4kS4Mi2wtNB5d2dGqGjfK6kzsusVQB,0
18xhBPUeo5oDnApWhCiibFjpdYnu7qhFtb,0
19Sp4eKbk7uRQuUXDs2oGrKrixNeLyvoxS,25.11100000
1Bw9H5K4UCfdz77mfxpZEyz3ymvQ4ufGEm,0
16mkt6XbXwARqERgAitgoJQFDvxVteEBk2,25.15343000
1BkWkeA4m2mHRQ3YdPF2w7mAqfPfQzL9oB,0
1Dp5E8vfbR2HvFBCsCHKHp4hbQ3pkNYKSX,0
1DogMw25jp5xubFH8ggoYqXPSr9c2t4dJw,0
1JJigziExppsSqt1vYEdGTdxSggnpD1po1,0
13NUZLP2CAJPLUef8rkqSphHVqLuPm2fkE,0
1HFemvUctshBtb4hTTzycyMq6eAfVcqiD,0
1QB7U6FgTF3MkE7m9znSG7hcZjpD23VDby,25.07420000
1Cpk6Z9TcvUtFa7QK6ALqxbLHQcr9awyZK,25.50650000
1GLW6ihypDYSJECQiYRDzg147SjNLNQqWo,0
1BBubTX4ZMGeUH69ysviRN9H5U3vbCpmXE,0
1B919av3gDtj3V7RRv8uJgMSYcgPdrsCAa,0
1Fg7DAhSCuYgLzUXdBpNr3FGmNHGg3DqcC,0
1HUoGV6qSYU9zatkLWPXmCfvKj1JR4HjJ2,0
1H1DyKgPAtQRpz4F1Q4jgEkhpjpQh8rn7w,0
1N5zi7Pyyz3sPFDC7t3zPfxqFM1VpFpFLt,0
1Kb7Sk94Qfg6gaBhZhr4AjLPMfsKBBQd75,0
14iHvA23qS9ReqSZeHx5YmT86xbh6FKkXB,0
1BxvoKHQMKaM6JuQio7xZQ79qGLBuPvsdh,0
17BmyT6Q64muNhrjcrZZSXE3hoqB9cQZuV,0
1GqdCKaEJLeDJuGafkLXXGFGBLYC5czWmT,25.15500000
1KD7U2xe2Byk4gatNSjfRCNvJhCmkUt8qY,0
1HbWdTe6mKeaQx7cQZ14eoxmVpaN6fYMjH,0
1EeCJU6dDEjtsNas8FF9rm8qQRHJDskfdr,0
115cXLbuBLGMix7afLJDW39WtmY3VXQ5BT,0
1CyDRRW29zn6ihkGgHvh6QWyu66wUy5snJ,0
1idRvskjcsC6g3FxNAKZh23QaF7eDZhUm,25.46739547
1P7e6NK1dXvB1hKi8vJCs9NKmhn1qFBw8e,0
12pwcSu8AgZDvGqK6XSXgGZBXWgSwi9vY7,0
1zqxsa4fVDbdrZP1ZUskp4aBA6TNNGdka,0
1L9NbUf1eSkRnVGz4NmAy2YmjGSitBkok9,0
13xrwzWgUKkHqUr66yKfxZkLJwksM8D29Z,0
1CNZgpFu3HWNSFqWrxDEXoRKnWgpgiZeGK,0
14yWGRSis22FLauub7uSreneSpqquD8iAs,0
14fSnkWEgcLPBr28thaYSvLGia2KTnAvZ5,25.00350000
1iZXYcGfrbjusVULGeudNaHmG2sWRGSfn,0
114Qx7NJtcUjzJz2mGRSTvibhSXwvMFP7Y,25.24020000
17iuQxD9rAiTVzte5mKX4KW1XN4LoVooqg,25.01150000
19PNPyvSitAdDJ35sacF26MxwqCZNhNFaL,0
17tqzDpEdQgTqsQU8oKmJ68Gim7TaxM8nT,0
1LHJyaaUv3CwHx92GDxLsvhsvxo5EzqxBT,0
1EzPWfkqs7Zko9kjsvqR4adEKMjbWoGHp6,0
1Q1SZSGhaSc9ArD8RMyazjURb8jbJjBJma,0
1CiVHq6H8zpHhgDhrrvXQuf4mX4bcX9i6Z,0
15tZyJrhsBFBNNHbBoD7kZaRKLXpyS4StT,25.01420000
1JWSQNNFNcVAH5t8Fx8u3bhi1wKoDmxmUd,0
1K2BQzLLsrhZD4YgBwu7rjyenkNh9TxqrP,0
16sPSwxmnJn8eMoMsKfXUwhUV5AoTc5Xgy,0
19D5nZb8gTMPc2PTCR9RmaXuvxsEa6jsNi,0
1sBp4WXPXXhijJU4L2LzyjNRLMgmYVU4q,0
1DeiP2URMGoSYeesmxEV9i9tf5uJwfe523,0
1Ke3KJnrmg1tbsbVaPVAEgncveERNEXMiF,0
1CqijVGciZ32XY4qRHhLSoj6raHsKK75wL,0
15n7df7XHtHYX35YYueWuScGuapGHE3JoE,0
1F84B8biLXRPW5xfEZzEajPJkHV9xgNfZa,0
1Po9jbVoMMXszunJJq8SSJ1d1ajQk8Hfyw,0
1KV32LfTGMPraPm8nuinr3AeWdK584iBtT,0
1K1AD2N1s5Gqvzhrn82cAuVNBVkZn8gTur,0
1JRk5sM22pRZ4dqAmznGFNSZ5i4jsji58Y,0
1P5CkybKvrbfQadnqTd93yDTWsNTV5eV7j,0
13YhyaKyRoux9a38Fceg7Dp2kSRNrxwj9P,0
1D1bALX4AWd9RiLeBHiQG3ZQRjU1c15Gg7,25.23894416
1VwbnambKwo3zqsJNaXTuy1PZfzzveTfE,0
16CtnyS9kErwn9GMgrGWiR1NRFF4F4DVe5,0
1HPr2UinhYNBLzr3kpyY3A7eEUnge8rDPB,0
1EwTJ5KybQYNgUTxGkYF3Ge4Ah5tj6NKBY,0
1DwcFhdAqSmEvExecPzsJsNJ5tXgaDzW3k,0
1D9gnmWT1FEfHM8KJdHLcm67MMKVW2R3By,0
1DaN1nwJfrjcj9qKBkLt2UZuZmqbJbmEH2,0
1Mr47L61jJmKV27vKQHYku3uvHduGuPVBe,0
161NuFTpfCBe8ZzX1q9C5AX12DibzPLK6y,0
1BEEW4yDn1QkotighF7FMojJxG4wK51Uw9,0
1MM1pk8yegHDVNH2LGXtTf7Jr4DZXvwjF4,0
1NmSjjzZeBC1Wo2WWW6oX9psyXiM48Q4ao,0
15UWBNnzkoDuVTi4BhEKQAbVFFn7nfU9QD,0
18D7X6y3MFrYc7nCdoEgPzbYx875GpndGp,0
1QHwKYNECZXgzyefAH4zD4dkCsqPvGFz2H,0
1LrbXnW44VHBHeCBKVK9SjTaKJnxVygPFw,0
19Fpc7x7Gaaj4bnhTpLdKBXQpGhWBCkq1r,0
1GQouoto4otBqiEJ83vwP2ErsYLsnJY1A5,0
18cP9MwtQMZJf3qHCaasM59Ap1q5yyTeZw,0
1AnWVJyz2qAqffoMxuvVq1yjQmBXSiGr9b,0
1PPt47sTW9U1tGVAWpUEhq1pgu1vrcZdfx,0
18tndN84sQEFPHfbBm6dhkx51qKhvDmcqi,0
1Q23B7DTq3mq1Pyrupo4zh4FYY9arVNFHB,0
17mr1Mm1pcjZeyyuj3PTxGE7iNxXrLiLTX,0
1BWFibWRigCa3EeJFU61HN41QmLew2H7sF,0
13T9Vg5QbWU77U5pNe63gP7MMDna7ZjESU,0
1Nn1MJbq9pdfDWC8qYdnG97ZqSnAKFfQu4,0
1AqaxN1pRzmbkKfSaFt3Qvkj64hQdeATd1,0
1PLg42sP3e1HSKYxt8MH9Y73jWgWhu2sS5,0
18gLciwV7XZJvx3rTBYLef3Ye9JwvbPmrw,25.10160000
1HDUPhrDR7VPYsHL2TL93AkQDRaut5rVWX,0
1Ji3X4Yk2SYPCE2QZufeSLm669MUmqWoWJ,0
1Dd9Xyzw5qqbbx8wFhoQZmoxC91X4LLqZ8,0
1uwrfwYDn77yi8XCdqdDTvKoKGcqZXDDZ,0
19DRUQhCkUrmcDeBQ38skJ4vTB8sCDwCS6,0
166PtE817DFPUnqwBH6DoZTwXvLxX67aN4,0
18sxCd7pxWZpjwBgPE7awEZv3Pa5sXozc,25.00950000
1PE5avawz7FonDUcm3AMJ8gUYwCdvRsr4c,0
1571jqAr7paD44gtK7qDSCqfbgPCiAZn5r,0
1HzkrQAvpeUrepAnNJvzZaFYuMJUiKdaJ3,0
16aQzE5ApGqtyBmdf32pw8T1skAzHmed43,0
1J7fSwdWHuYGG6drVFxKFRss7EJ5AKbsqP,0
17e4dzhpz3TZVRrBd6GnaDn2W4uGBeq3Y5,0
1DzdLKB8TXfbzjPNoyj1VpW64JEAS6c3qt,0
1Pj19qt8dd1617iZPWTgVSaVn8HiHFFDJx,0
1MN5xbmXtZDjKJsdiwC2s4tbiYasGKvANL,0
1LpDLLWsLMbxuLAkunBX1CEtWF5jzi6eGz,0
17LSrsEr1qBet3Rg7SYXtdYQ7su4EZVHr8,0
19HVnCtiASVQdQpE1H6uWpUYHVtyMMom8p,0
1F2FQLCriUhgmGesb2GzVqaTfsiNtKWwGQ,0
1FN8YhVKFXCbZ2jXuWvN7jNhSqkAkLQWub,0
1LpuPChyPQ5JZS6cc4HWr4FxhmNrmoXGGU,0
1P8MLM52iL8WZzxMLzrdfC57X3nHEMZMr2,0
142C5y9FE42bKqr2hUWadr8XanoFGUvFTE,0
16xrPK3FXxEd8M9kMjWoSyy7c156ZaWBcz,0
1GYsqLJCe9NYHnMbRGbNGooXwStupWkoNZ,25.03002932
1Q5PwtMQ8dMPa4Z19N2ET9U4SWh21DhYtU,0
1FU9PrtXDdQA8uAwnBs9xr39BskeTuRDmK,0
1Ke687iScPyfmixed3ywxtYakCXv86cgKw,0
16AKpoqtNpwt7cDLKJW9VnWVmWW2xJcHHH,0
14TUGey1y7iXLY5mnohQYs2xLAj5scVhLw,0
13gvsCmTkvq4FESuy1a31MvATe2MCEnAs9,0
1KGx4uSxNbzQ6UeEs4yhBxA5VK9TK4g8Sx,0
18X4XUuccgZg4Y7ksdSinqZHvEDBsqiycf,0
18YZMyZDisYTRRCcyBUDF89bpfEqRuEvBa,0
1MQeukdpAVSo9yjKsRQY8ssCDz75ti6uQR,0
17GpYfbRTfXrn1RztmCv4dgeHQ3LB3Smdj,0
1432X27pYNZqVLEcuye5sFgJ3SsW2vf21r,0
13jXuyQeW1UdWdbNFq5HawZKLf24LaZW4Z,0
14o13th4n642zoW5KPEAaSuFe8gMSMgW6z,0
17jZ9LjzM3bG2r254FZbKec2R5mLjMFdbB,0
1JXgJajXZmpf4BaFiAUs5DFJUWsWqrncxr,0
1BtvHnA5oJic6Z2CeGnf5pB22AVyPz9vBR,0
13QiXuerLD4XGppM1n4EFE6XH5oP1cietg,0
181WUQJhzJ2Nkbu1HDnNjcNju9fHnFXWUL,25.24340000
19fhAXCATToieth5Q7GbP87P21CQa5ZrQ9,0
1JbPL2zVJtvWDWmFb2HoAyw6SrGFHPMaDw,0
1Bp6Q37qgSPxR4cA4KPaNvHYtL2TVa2Tko,0
14RhibBfNja7HwcuPF1ZsNuQcBZHhbvdoG,0
17RdZxFQeZKWNa4MYjhz2V1qXPjv1aXAxT,0
14ntDfLhSdLaRyt1bhAm3dC5ckr3by8MxL,0
1FT4bFW53eBiVh1abFsnyScHoBLMp7dSrV,0
1H7PmUkKRsVDxwuuLo81B8uF5vFhM4TqGA,0
1E2GPEzdZ8qAf3uMQ5GYo1hyoRGJMP6kVA,25.02340000
16XwnVTyegS7DvwomPKwdX3qXvxY6jaQBQ,0
17MX8jbCN4n1mDJFdDySFUScrkPLs7oKMQ,0
1Scakg8LLNHBu5BWAfcGeKv3qmJSJwPpU,0
1PLgQAYUMAixZ437ZKiq1XWDjMNtrN7sdX,0
1BJxU4EaWDvt2bacTAC2NrnwETakxsQmx6,0
1Kq44zwUs4sHkyiVkTs94Lkq7cpoH9WP4i,0
165TW1PUFcEE71MFyJoVtdPYfqKCmiejN6,0
1Q8oaMCMLyjrW7cCEScJYPqLJn8gGsdG3Z,0
1J11fdSwBCpEEeQGTa9oxkempcKD3aZ1Ju,0
1C5HAdAzM7pBkUMbBMUd5rzHoP2G44njRu,0
1AHLNThfbdwZEbCv8rXaNJkJS49kKdRUbs,0
1GVextuPjmwxntYwx8GptHhdCCuros4TCQ,0
1HM9sp2dHHN9kRLrfenBWLvhK3zdRrXDfg,0
18cAQ4K7NB7u2TGjyeJ9JCf2WQUXdMGz6W,0
1D2QVDQiN3QBLPBGVURN1xG6GQ22pB1wpM,0
1zGRaogsZqzXui3NHNfgtBN19kFXswkVq,0
1EvKEkE1jkdxMi4tfdPxX9rjjHqDqzAHSM,0
1NevCDdctzfZnLJ1JkHBhQkMwe83UjLvyQ,0
17UGkoi5isYbiVwtB4nMKv2UoTwJpVJy7H,0
13vEEYPdyB9nPb33H9vx2ZMwNa7uzFxyrv,0
15pssGYZWkCByKj73aFSzWAEpFooJYNoho,25.03250000
1CVvzReNAYZk9CJ1cmifH7anKLisiJ6Q8R,0
18tjP8HdT1hYMPYmbq99AY82bmKPnwa9Up,0
1CgRkDpe1CFFDWFajhL2iLwujY5DH6jgYr,0
15QXauTSS37fxHLxxHJToNoBA4xaFomUAt,0
1AFCDaBY8EsJpEaWGtPjRLSTSSSB5dsDc2,0
1FfLUHM9LbrPb6yrb7gS4eyy4BK8SL1PgV,0
186335gUVsHQ2tNQoMT1LKvmhqAf7EZrP5,0
1CXNtQqXdLCEdPJA9Qd4NsLfixT6WcuMwr,0
1RDNq9DoGrk9U9za4usU9JDLhh69nxkrX,0
1JQuSHJrhPUZKFE6kgUT2CG8gf3fa9wrgs,0
14FybKwm3JGrDAPGhpmpNpdp5Z1TrZBQod,0
1CYBU1ZA1MkmincXtCi4gUHp4YANSzv9iJ,0
17Btp7goZogFDeFibVX4nmgtTkdsuscupL,0
1GxmjJva97SkNTpsSZAFpkRxLA6Hj4YXhk,0
19tGUjQEeJ9hoRM7C284yXtg4mzmvTofKs,25.57750000
1LMwkGKEKzK8r2qyUqmkcBXr8EkGRCnf4B,0
1GuoyWcZ3qnBMRHzqP5XGiFt7c5qRgyuj8,0
163HdVtPvybxCURMnwbt8KqdDrWsYnw7Z6,0
15SaFeF2Kja15J2A1kHM8cjnnSVKyEdbCh,0
1JKXzcpoNjKof18iwftVLN6UTy4BcrnhaA,0
13tUQzwVW9txLZcdk1P4TFr87MSYoju13w,0
157SA6Qgh7qpYBQxN3CVNgZhQb6ECFGBok,0
15xihAgtdMgS8z5r7oMpkfZM7omnvtA1DK,0
17bgdxkrtav9Ru2pPXWuuGtLiCvGcWsgbb,0
1PaBRXHF9dwZEvwTDWTmrRGCENJ3KaNm2j,0
1KNcbQCjbdZ6eeb6UtVAUtafKiGZ1MNivY,0
1CBo3viNzGcyryuBkH75xGafDs98J5dxh,0
15jzQmGzstURkgXVSGyVdQiRrnu128VHyW,0
1GdG7wXCNxchE7pBpLtLn5k6BhLeX96wYD,25.03370017
1Hr2QbfTmraLrCv8RVXxjbN23diXuJeuq4,0
1MA77UXz4JxFctPEevwUZKNvwPki41H5wS,0
1Gm5QmC45bg8Bknx2b9SZdTeHw27eUwkgT,0
1CLzxeS2anVyKxvzurT5e8N2BnHEfTF2DB,25.32850000
1EwRJwq27mAb57KMEc1m2EPfwoLHm6cGct,0
1fd3PVjiJrdCbeViR9sK8wVeWort3PqTF,0
1GgRoFCL7MWMe4HuMnHjtSYpHH7k9k9ksE,0
1JiZP3HFBGPKgtehA4ZQGLAGcLcy6JjhsN,0
16YHusGsQsTpsSAcsKedMxSxD4vY2wjjx2,0
1BvYahxBtqJWiepcHcreiD7JxK3L1FXTw7,0
1F97aszuiqb2QpXKqgsvSJbgJ1nS3RGvGk,0
18GTd7TwQy7HdoR3gXArd1SJNuPn8VYeRy,0
15uqy71qxcoX4mYuAbDwzPHjfpR9FNv18o,0
187AzyMTXwgAHS6a5Gyg4LJ1LaKZmV2YP8,0
15oXagSWfC6M412Sr6mq4JYk2qzP1TpKbP,0
1PPBBPV6hRXZ3oUNG7peoMN2KHYa7x3pbw,0
141UGJz12ER19M1x6SgafTvwJvX2Zrg6wH,0
13DDFxSxAckScVNnbabom4sZyF2riTVhNT,0
1EVgRyWFo5qrZyhfPGo2U8P3av5Rurf13k,0
1NgkAxSaLigSyUKz4DC6sP1GP5hFcdgLJa,0
15CX3Na4bZEwGG6kh98UWXEamrqnAzppE4,25.00970000
1L6MjW53BnoBH3yHBN6yESc8cNeKMBzZcd,0
1pSrELbFgayKGkqDVRJ1siutMDZt1K3su,0
1QJbpJqTeAHjsuU7aGbHcL76uZvP1LQid8,0
1JNEZ2eXDUYseTTAYK4RcNjF6czP24xUs1,0
19E95UYRt82Y9SHZhDN4TDUtYHpwRR2Ybg,0
13SUox9j1WJQckVG9sfJ2zbqgxyE7US5wM,0
1PkEaQR3VAoWKxWimGu2RZNtWAJBPUCF9,0
1F7o6tGkU1uNwtX8Qy5haSGJu5vjrjpBca,0
1L1FydmytbeBBSwYGrVhYYeAZ4K526g9tJ,0
1MPa9TkfpL1T7yAJkuEM4uN2xndZGfopkk,25.73601501
145DV2wTTU1vpmp9crmRmH5cA24z1huW3V,0
1ApZpGS8oUYTgn4TNun9vhtQxvgwcqQFvH,0
1LbPfK7Zz5P5np1oeM3RvKyocsqsuysEUN,0
1Ho4xTwQnNfgfZw67VrKZFEro8pLmbMTYv,0
1Dsx6fUPq7135F6uqaFr2EnftEu6dRgQN8,0
1Jmvb8pAQMagm7nLqnorLzByotnG6RYuzd,0
1AU4ErLexeazLDVWLwtKXJhfV2ctgnqsGa,0
18B6qjea9fEY3Xy9pDjtTDXGG9fpCWyQ1r,0
1L4Ps88gwr4G1zirHH7eEmnLxdxiokyL1U,0
17YuyjZJsWmMuz3dAtphbFFZ8EguZwFZYi,0
1PbzZ3bikX89WaLNPMZmpwYbR4J39V9v7C,0
18y7c9xe5YQFwJYg5ipvadhrNaXzrCFc2h,0
1a6Nauee2F21b1enSevK8HbpxxovhF795,0
15diH69xJK6AiUzi12xBBqE1hemyMzUnxJ,0
1NPr8WPNgUnU8cPAy3ehaC8m2pHaNyq1Qd,0
18Vkrx3n4vqeScjJ1hGZ7G149dDxgBe75c,0
1CbXWJcQjkTC2EW5ULgwYG3o2mKYyhr7Fw,0
1CYAQdGbDWwBxX8scwGfaoURac7bBm24tQ,0
1CpvbBjjWZCAab4sYhEcyXFE9joa1vk1JR,0
12renvsJiKdwo8ppiM9qCLxcZmLase7CnV,0
1gzwC8tRvEQmjCukskUsyE2EV4em9k7AV,0
1EL57fzFmHh13frDCxQuFCe4aJ5bQWwr4r,0
1FvR6gfMP1enbmXdgoY19oswq2eP5iAVid,0
17kBWbFF7FbYFFzWR3884i4kbSrwBZdToF,0
19GkPNrLRXZPBVgTTcBscDqKG2ZHBGXWKf,0
1JFgAGAEvwByfRh11JNggg5msUpbpn4Wuy,0
1KqmUfj9vvhqfK67jooExwvMJ7j53hVAGj,0
15gm6h28p4zo3mb2zDyaQ1o9HUinS53shX,0
15SNpbQezW1qzKJVGQf1kFhUpppdKQ7Tid,0
1HLeUtenhrFqPJyFsTg8TnR9nzruz4NG24,0
14kGp6RGUgSfnLn2ysyPbUmSLmFwvCgKZq,0
13fvAY7b8cakgXsK9p9djbge8M5HctuAKk,0
17aTqP8os7HhNfaZjLPakNKwddj2zrZPQQ,0
17fd34nqWBreRnGLK3b2h79Hvo2qP9XPtY,0
1GxgDpkERf6wtG2yA6VE5vpeJhABJnZWWS,0
11681jq2XbMCM9QsmkaW81Xww5aCqTGsCg,0
1G3E1f7g5yW1UiDedWRhzMr8FKgz12jTiK,0
1Jhu6K5yiHVqJkwPXTZWWW9wM7AqDGh4co,0
1KvBxC4kBDiHDYk4Qx8BY8wLCEk8r8DFPj,0
1K1TXNVbBpnmeeML9VVYXtkUK4EaFmrn9G,25.22620000
15tqa984S3QWjKmFKxTetqZkQe8rByuMLr,0
18ArGjFLbGSb892qERMdEgnFY8i31sBTJL,0
1JbbH6mysuvPezJ9hwWJaTfjMCoUHMGZik,0
1LmbKqFaXnaNGHzkKR2u1iDD61T96FhA6p,0
1FJFQRRrketEpJNG7Rd3SkNv15TsghtXjt,0
1C4wNnK8QYV2Rs9GH9i4ZwHUvZ8kNnUT28,0
18MJxVnqCHEJdWpe9PNfwNZ1DFdU8vLwff,0
1JtaedUmotPCpRn1NU7PihJkpexCLB3nWS,0
16FC3EMh9hfMbFJGc5GHeWH8yu78Ezn4zr,25.00450000
14Qucr8iyTMEVJiJnroaicideWrnLZnH2s,0
1BMG4656BsKfCtEbJrWkMTwkRwVnwWKDQv,0
129cz2Psi4ywQHUh5GMEtsSPfjQDH36t8y,25.04100000
12gw7Bv4aUrinjfQRV1cbzN81q9PdgjAaW,0
1J1xCLGuGTgdxiyneRc4gmJZmxnWsegsaA,0
159pTZKB6wUiVncDurFJpu8rZ3FNZawbyX,0
1DhZPUDWKJ8Z8Fuuzh5S5kr2VaqNqEDbkP,0
16jBKf218ZsHq4T5qHhLrshEFQCGAvRmVz,25.04400000
18MghUXErYzCHS1mm5TncshHTZ7TrpCnzn,0
14gbxy51Bu45zc2VbRfRVL2q3M2AiPYmh1,0
15iXxb9ve9LozW2vsXVWUyhQywYcHBWJqW,0
1KP7E3RtS1qVgimj4P48FWTcZxVL4ViijP,0
1JEKcGFRDh8TYvKBERxq9tHT3o8FFv1Cqk,0
135vYbJfE4v4tyToJ7y1DnejY8ViG3Bk6W,0
1VjFrvCnGe2ZqgojEzvqsWKR6p9s7Arfq,0
1Bq3HXKtKhf9nidPTkKNa62VCiSVuQehDo,0
1GX8vQAj8xs19m9BqdquBgeP8SST1VzhXy,0
1Ff91HZhvwxtjFdpxBMD3j7r2rfqKbXhBj,0
1HWRCNwFtpJetYJXUJQdmTjfWS75zv4k9B,0
1HMpwvnDjTG5hPgpc1Vqm69hhep9EU7MYi,0
151o28HnsA5UzNDH5QMqXzkY1RwbVNkLxP,25.11251000
1K11j2f9XXNaJSHCmDGEqarowtX4RbMwRu,0
1KdePaxbNZHYwJYAxWmKq9vQsqy3tQQW7b,0
1MQ5GMpXxLeDE3EdaZaPRXXifrYv6Uk2PP,0
1Lg5cvwr4LSDYDdWsgMTvm2MCpCLTFV4GX,0
1KXxKCru8LnS4hXm8aPBdkozMuAgreviH5,0
1JSxmKuvGEU7rQGLH9tPKaZwZEiLeLxvPu,0
12hukcoJMdj73Dt9VYoRputgBiFkoorCWe,0
1HoSsT1McQdyQWWkm399b1Tx2wCsjzf6FD,0
1EHqmE55UD4CqLUfRxtdeC8yWLmRDbHhCe,0
1FJi7rJYfkCr8oyNEQHWo1hvCzKy4GrGPJ,0
15oQpPgcQon2eHZGQtN9PK2ZSqeLwmzCzk,0
1Bu1EngY3TYxzpVPkeBWzesgzmvyx4PFEp,0
1D22LurmmswN4CzkTZCnPnVyv1PLa2nUmq,0
19hYRSf2jsosnpoSrjUoh7yc24UohBcuPt,0
1MeKpJqcZoYNP4bSx1b5Ngguec8ykcnUMW,0
12pz8WjC5gaj1k6EwqwtAL5a6F7YRAVztw,25.00850000
1GmAA3vvvmq4yUFEstZ6V7JVbug3oY5nCZ,0
1NzbaFnEvGG8J9d43Pj4XFiZkvTSiLVcZs,0
12sMi7oEdFmNc2AUEbt4WnUNe625RDqUte,0
1ESKxCWPQCqk5iGZoZFQdV7aJUjbTDxB2z,0
1PXuEchnxQJaii12YLyAT5Se8oEXX2Mjzu,0
1NmfbzEgDFMHjUi9gYFdKDHuJ7oALPFfK8,0
17pVUMfucG2AYbJySSwGb1oY6mua56jo7y,0
1BgtDziddN9wePKQXxYgytwQCAmD5gBZtX,0
14R8Gt486oMukiZYbaC9QLmuG5cYe89NwK,0
1HdyUGgtxEkgarpXDXnCFVjqZQ5HWUUFhJ,0
17PJdSw5KVq6tiqF93FJUkJab5MhCswxpS,0
12jpugR97j9JqA2ayeqoKiTE37x2WQUnxB,0
1LxGoo4ztEScgS4gCJrcJuDMPqJ7fXpKCp,0
1KLDKu1WoPxagoY8D3HEWbAiMDEdbubtU8,0
1JnAQZmTXrFs59fFmnimvghaBTq3qCeodx,0
18RZwFZc9WgSvCjRMW2MxLyKDdPA9xVDoY,0
1AToinLCm96xyVr8T67EqgBDpkAqC1YzHN,0
1Gq7L3j2DMJNSyJNxssf1t4qzuRaWrhWYE,0
18jJYY67zcggaxYrc6rErfEootpSr4HXVS,25.16050000
19z9cYCAKeYmEikjpacQASaoy8sTovd5Mc,0
13ZgeqjNq1zVrfx4iG4R38tsMxVNwQsKU9,0
1FYg8dbamZASCQMRm51a3YbCYUzCHRS1q2,0
15rHKdviDx8HDTpsjCNFN6AQ8cQask7SRX,0
1N19tThL7LkDZBXqfCwtbdLQNe9Apc6Cqk,0
15VJKLKjBjauES4YtYcp5xQG3byZFRJCY4,0
12qJZ8p8CtEd5Bq9zQpmhyuJuxL7km1FY2,0
1AMnDgSGzn4WmPpJJWmrJ9prA7YnGd3T9A,0
16eyLg31QAfWv8rWfvNeUb9TzzkxKVm8UE,0
1KBENZ2nEmKw2KDK2ubqvPVmacngJt66NX,0
18SXYGo4pgquPhjhYQj7fiB3i2Rxh1Uzrj,0
1GE7Cv39ZyWWSVwBiNKkXF3bQGqxG3Yxo2,25.03100000
18cEwCEessKP8njVvLEh1fBvEqSngZyJtK,0
16TDvm95SrrS7MK5pkFLg5pfssxfBrpcNL,0
1JrRVhRDrbxom6SB7osNW4m5ANWf389GB5,0
12UHdMmXJWWcXWCD2tZxoKnewDbE7hfiME,0
1LkrKdaxte2LGQ1ieJ6Q41n9t5cGqgvGsT,0
1KQKnwDikV6y3V27rp1bKiJa5B2DMDPCct,0
19wsfZiQ5iAgkG6ippUSV8YQbhQvEgfY6v,0
1DKRRR3vDDgVARxE4k2DbN7BPsG2fBx8sy,0
1BchmaBshmC9ihKasgqLPpcADjnYAy8bKm,0
1MMVWfo7JhgQMMn3GJ1zqiMbtrfrBsiVx4,0
1AtLC1pao6sKaHC8bdhJ9QqoCiD7v1HoyA,0
14aikxJJVDX7afcpF2PR2BrGg71mnU1HUt,25.19430000
1CtrsbmzVCcPH94Lo8DhWpPGJSiXuRyQyV,0
1FJ42u4UDWjk77FBaj6bzLSxwvxUXxXJYx,0
1ELEB9n4racvckPxmafTQSCdUGAXkyEY7p,0
1JbdJiqiWLcbEeboYAvmUDMFCEsE1y6sho,0
1GQf1cixptce3Y9JQcZwRhJZLBnXCqKW6p,0
15faXxhrWpbiXtc9ykZm5EiXFs8XcQtJGu,0
1KpKsgi1BNKWiB7oJwmkA5xazxZpr3TnUf,0
1866BGfGX9eXwjSNGGTuWq6fgmuV9DtCYA,0
12DZgXkM72Xo5Y5Td4phfZGk9jdaSfc417,0
19Wnq1UYa3cThZN8NMQ9SXPA7WcnRuPPdb,25.13655296
1NzCEuuFB9d5P4VDaWaCJ9kjUNWHANwCRL,0
1norJacuYzbLYaVWtBPEX7r6QMrKeFUmm,0
1CEWAe2H3kMf7NXEdBPeMfa8g45Ahv2pPS,0
1JjThbycHbXR4eaAK6mQAkpXXAbQoGS9YZ,0
1B6psPAkqXr578KtKNmRSokAqiZmZp8DR4,0
1A1eqog6cyf4EgBAmpmvCNjpz71S7dyLCc,0
1PMFZ54LHfs9APeiuz14eFFgWHyRWh51Fj,0
14WDKsF8R8zLR59pfHyokStXJTbS8TzAfB,0
1Bp5G5pFM88rANmpPjQ6qMDTya61CvtGZo,0
12M6fkBVdwWsBRJ6vkJBJA2icFYcCtDHTz,0
1Ckq6whfs3MBAKRtxCkL5iUDk8muALgXZT,0
1K4xDmrejR3xHDA6yPA734q4g4Xdodqgjz,0
156GAqssg49Gz9x4sWehTwL78CKQW74uEn,25.02250000
1Kt1YtqXJKYPpm4C9Andsn2Zqn1izR2mNr,0
17zprtJ1n77Up5b3viHRJ4nmkZ8K5w9dBP,0
1DXVhAAxni5Ukc8rh8PjJHrNjLm9H7kBhi,0
1Pao1xa7KQjY9MMB1Mx52cMT6YrTjJh2QB,25.01100000
17CWwnCTr9Z5JS5jGJcj3KMRdWqJCmEWCe,0
1CzpgJQqGgYHuRvHLHX3tV2katCBtVryWX,0
1LHZvJsskgXw6S74hQJb2DaZEe2jQ2CpFn,0
1L8LR2HZrokod1KBQRk2apG6jykNtfrCcr,0
1LGyP8xtGtMhpTUaMgLicjLavmWchuFDGZ,0
16x5zXgJ3CMBuF7LHiFEQenpV7onEJKjGE,25.01049999
1Kc9crJJnMiakLf1tB1tQ2KwGrmU9mdZbA,0
18Gg3oLap4gch4sC4Byy4ek6LA3g33Hri7,0
1BBY3oMrDtiQZBsZHNRmCW65Xf3YNW2U5Q,0
1DqZF18oa9WdBwCXH5dW9Bkn8zuaMS9c6C,0
1McCpirMwV87dgU15W63YMdNJFh39PAjKJ,0
12HvH2h2KiDtKm8EHC8XYJinf1pQM2FR3h,0
1AurHyWr7eSYZZfJh49nMWh34am2AiRV6z,0
16Lpu4gaH777Q1FuKXM3Bp3HsnB1xqxgcN,0
1Ark2sy538YL6czQXbSTfzFLyjRTCD1sDU,0
1DyGqeoePegm4ttD67Gryv9hG3siXh4xwh,0
1FcXGacEpwvwUCNHYYFtp5SXFJczcHShNe,0
1PXEFELm7VYbCmkb1eDWAkGFnbTFzkKcfr,0
19hCPaM7wqypeputCmLMfTPLMNL16Vxpbs,0
12wPoZupr8eCuT4H2Wj3LHbN5DkKacKnHH,0
1JikuhHhVDq8SME4JuZCMZarYByoVqEHPG,0
1D1TqDzfNHzpViUqySvjEQSq4ezfQPfwd8,0
1DgAoSG7cdkaUxAe7PwNP63AyETm8GfgEE,0
1BfM6MHFnDpbty6rGcyeWkrBXPSc4ABesT,0
14UahUfVXLvrokE2kUXvPm8evyFJJ1Tvfu,0
1FejBPwVsVnkv16pZLkCdkT4jtSz37oGZS,0
1MC1hWffS4773Zf8J9MRD3qTXnVV6YAtnn,0
1KLZAHQvHUpvh6v3WwPKPouciyUBQEREw4,0
1LaiEgHNjYDHFQVJSTapahYhxQx23bXeLY,0
1AXECLAJ4k6bQrqAG86DxZ6n6hnBZYbF2D,0
1KRoNGvdBL1z8JXa2FsjzMQ8YyWSxUxNTq,0
1H188thbCkAWCfwVFHGECae7QUYWochmb5,0
14pQFphxFkpQowVeVAv8yMBnY61E5J4xa2,0
1LqX2giUAWPbVALFUK4N2Qa8XnzXMfiZhc,0
13cWQepfoMvqwVLhbKoo4DGPtzg8Q7Latm,0
1BuowShNW6YhhrH6kmZmNHyX8BRNQustcg,0
1DjvLrHjdioqhADypMYrFiKNTEexJ41iPK,0
1FwLzt39wzgugZa8VMCgSSE737bWFeM2VQ,25.04950000
16vkQY2KwsjiAjjkDPbAf3sZpZYQs5oV6R,0
19h4E4BbqUnLxnfcn65ZAtd6cJsjZkZuUn,0
17eVLm8ifa9iZ77LA1wFRecRhiWx5YU2iR,0
1Fzz1JRVRExLFhAQzEWoHZZMzwBFXXyPyv,0
17QCFY71nNBu9VrxzKpF6WhKNFcWYAUZCg,0
1G46bh6b9xgaQLekqrij7zjyrD8RSbTKqp,0
1PWTf3ogQeb7FnhFP2EbKDX4ksLGiBkbgW,0
15dWeW8injTBWHmVGeSMhQYisJFQ3r3zta,0
12KstQRosJx2zRMR6KNpcBcxFNbmxx44BU,0
1G8QZhN24Ee6tr4Z7fPY7T61LCjEBaakfa,0
13rGHnqZ24e2whTwXjj9UYgbZ3nPLXPBea,25.23690000
1NdNd16FLtxykSSpPWFcp7ZkiWzysjpnkQ,0
1AMHQ4eGVUH2JE6JXzgcauXWhKNdLXCEPh,0
1Uzra4ytk6tmbTFp7Fe9YcYqzQXRXA6uz,0
1Me1byyNTSSxcCELLyB42W1dBr5rohLWYX,25.00060000
1CcJwVo9ETy9US2z279FQnJuJYvtHYKq1y,25.04742209
1KMA7zVLXh9FSNLA2uWY4wAeoUZwcdGBdw,0
18vPfB4LMR8VaYF4xx524fA2fUpc1KmUSN,0
16gZp9oBJUAPhFAgdmpzYiABnNXjHySGcD,0
176E5CWSX5zGuDYANJeuc7KH2sPsbsy1b2,0
1AAC91DDofEFV9khkhUYFbr23kkGy6Amq7,0
1FvociDAH5cvWKPuWznZJVyqyLHspBpxe7,0
1LKG1zxptPTLNTYhWgArphMZgtLKJwJ7vV,0
13WR4iuDDpSEY72o9zuArgBnDz8o75WHCQ,0
19zLBnzqnyVnWi43HNVoTM24tXD42Sb2KV,0
1HJk1Qza2LaEMBGBUTYh1guCqdbA4XiRC,0
151CJEGxC9nbnqW7nZutN9ectHGLMLvRMc,0
1Cdii1aEH2fzk659YUeWzTAjwKzVYkWMwn,0
18HyJqTvrPZfD6EKiMAv4TLpqkSJk6CpEq,0
15TuH2C5kmUcU35kifVAhXLXDFmAf4MRrj,0
1HNoJRB4jbqDwhNHARKrkhmZMKgeV6NjLy,0
1FHpWiq7BqtPN3FhkDzrFvY1YQtYFqd4Eu,0
1AxZw5yJRpAYNc2i5qw4pt4riaqqKJPekg,0
1EjLX4gLNK77hif5mZpckXaNp2bw6R1axc,0
14erJp3VbWvi1F3ePix7hmRYoi7oQFLkDm,0
1HfbZBvdUMwnFqcrvm2myNS8sB86fKhKWP,0
1CAqd6t298Rm5L6ACrAGDcFS2tXD8KDEGQ,0
19naWXrfBtfMVQsZrwuVW4oDXbDoNVRWKd,0
1G2wuvuuxWfGhxyG5acKGjenYuEk1XC7SB,0
1CzDL8AReo7gXMpcpBbbkvW56YRE5nrwrC,0
1AsvnJ13PMyrDf4jWGz5L2dGtqAMEVesuX,0
1C2WZsDkXsYraCj4frymJZVVvh1rPLWP3V,0
1CHJTD1n7pQYUfSvABwtPZ5X3j3vm6Q9FH,0
1NMJmXb81n976snWCa1nQcqP8X8vn9GcWc,0
1DZer36Tfd1EPsrpRWLAWgnNoDuCX5VN9q,25.60309000
1b6jMaH7TEMMxsC6fPsiexXL3sdrT5Fwr,0
1MCVYv1K45LYoii4DF9sAJvJibDE2eZRU8,0
17KmYtJGgNPjtNW7Yci6jUL9RKM3ii47ZW,0
1LJ8rQdXjyWF5ijV516z4sbmRaAC4evvkw,0
1Ffjhvr4eGTsTS9swiwjzofB2CTe3wYYoi,0
19T1HsAo3Ch8as3ALzaNqY1G1dht3uZm8V,0
16LMNap2k4jffS1bGCtwG5EFQ2yrwspbJx,0
1A4cYknDs5yabwFViXrqY7sMSXrrNjCB2S,0
18y5p12Ky81GGQCcfVQPfxiDgVUXuii1QK,0
16cSWKSYnB3AYHkHd2LnRskyZBC3hckkRM,0
14crkHitmH33YZYV4UgddsAcxEQqEtpdLa,0
1KJkfV55Qn8Er6wqoJJXfKfP3mXEBNNG9q,0
1P2PPUi2AWP3jM4sQW8QybC6LLuRi3GUBt,0
1EXB3XabfPvjC45hUiMfZnWqZqUuVkB3es,0
1E6eg7FKCJqWUsBqyDr81cv4Ut7mA4XFtA,0
1A65rSjgV6vedRHpTwY1Tuiea23dB5tH6j,0
1MoJZUAQ3zEQ3M18N8yMPfQUpLwPZyokBg,0
141huMwCMTmJGTdQo1YX3CRL4rKLqWtaWV,0
1EWMZAxY8WD4vzuMz3PheFRQAsZBc56KrR,0
1Ei9HfQAnjNqNDUTnXsekahRcGHUSzLP34,0
1Kk6Sw4nrDz2wqhEGhRfim6j36eSYBxUKk,0
1Koeck3FrzgrUX7qzvTiog4npyRk9HSLpn,0
15qE3JxcNLND6V1jkkRTcQrc7Gts8NQ2fn,0
1KxXStutwz4ceELwufN5hK6XHjCMxSBiYB,0
1knw4XKmnCFXHKPiHQypqa8Y4UVHH6rFF,0
1LyCgspSx2BpEWJ4WNqUkVvi3YBPPaYak3,0
1Bd6zbnCwRn64126zG8NT69c849UUZ1sXe,0
17UVrfhSXVBaYZywq7fRSAMh9qzAr37J25,0
15dA5XPh3etKtoXhV3myZtCmBMBce8EpAz,25.01450000
1MnffodNY4oAV3VWVJ1Q2X1xXQzJSddqEo,0
1KWYSHjL8KyaTmd95LXCnrCTzq4WwViyez,0
12DrUB5VU3hTNuFUBfSTaUUdtF37otVAQG,0
1NTvGHkMqWfopy3ZWx5etbW1SpzQtamz1L,0
1M4dC6FEw1NKER6M3s1UzMaNoMi2Bx2LjE,0
1D5WS1EASYfEuV5j7GP5iyT1EWvFjP2hZC,0
1EhQEd76oviRdpSUeiFfpTshVzLRpprCpi,0
1P8iGc2A12fPCKkcGqpWT2jQ8kqc6DQ1aw,0
15WTRa16iP49fi4jFd9iPjNHLDHnhAYctC,0
1HqD3PkLhxmmmKNwjoT6ekJuQyu1AaYFqC,0
1MZEVYEWRrnjb49QQa7PFfV3jZv9Wofk92,0
177z6RKfhDyZeTdkFHzE2YuvmSqm5BB79D,0
1LUSaZ81BhvidFty7LwUZkdK4Htt3junw2,0
1FuifyBfTgdRst1NsxaHFg3rnb2JuNB3WE,0
1L4L3tcwhigDidMcGWpii93XVk527BxEBx,25.01600000
1BmEfD3eumJ6NPEP3n7q2FTuUeepnaiV3Z,0
1BaEMoHraoC8QX5cSS7CBgBDRB4nWyLPBQ,0
1LiTqdDiZAUeeFi5FFud6QYweTQmYRrWdR,25.14250000
11LvRarXpjyfrJhnVrfZsurCVhFpbZ5Fg,0
1ECBvfZ3V7y4ubYmHViFdwtzF17fUydoUd,0
1CuaSHvjvoUepSytGqzqtwWnGF2Aoi6xKk,0
1HKu4weXnVLYXhLXm4ApCPjEQhEPv9nQtX,0
1NDkWUAQp5gFx86w6V8uwADFfhXw2stmXD,0
1Pj3Pc3bT1nf2Qs3rmvTefn3Uf934ZQ5aC,0
1BzUqjvf3GicT9pB7YgdjJSFQjWoC9CSTb,0
1KsMVCqTn4JLVWA7eB66Ttm8fJEojLc1WF,0
1JBwHsp83CcvK5uanriEFyvTwb8AyfHCq9,0
14n76KfHEKoZxwbVhWs3PpMwH31Yn7asYA,0
18c1HsXKtGcZ97Z81nEuKKd5ChB85BM44A,0
1M8uQPdVh1wN5aJbw1vZTWgBd6RoEutqkE,0
1DfJxY3REwVpyD9LDozvAwXMmRuvhkYKsy,0
1MBc8p4f8eC2sX3hcNwD7JfSJ6btEniAHN,0
1951fP2UaGzn9fMM3h8g5vaSPvSUvxHSkJ,0
1EjMkp6CTXL7Dh8LEXMLpAhgDuFQwaVucK,0
1L6SpJj9eecMcCNsYebSzs6asDiNpReDM4,25.01800000
1G45N8mdYDAX5R6sMDeNha1WcLRuyQ1cp8,0
1B98pNWWzpTbySF5WYGKrtHtXQqg8MCoWs,0
1Kxw1D2xFrekLw8mjuS9Yszp8jpmWxTrB2,0
1gLotJLguRqofvqt2YMs2RtJLEWWkXTtt,0
1NfcURgQdm5K8FMx3qwM5UPaV45xKFpcNn,0
114oRknjNs5Npq1C2y3rugJmPjqjWXRF7j,0
1D3Q6N47R3ZYpbwpUrUzTbjVgUQsoq9izq,0
18R7FnCkiYq2m7axencFHbE9P9PCaCZkDB,0
19L7NHSfajhboj6QTn5cfuw8DWyJwQstBw,0
17Fsg5JhsiPTKUJ4WmKR1dsJHPGEsfWa8Z,0
12CMdsm1TPAymbdVHGJ6wbWwcaB9ZULdc4,0
17kgj4A8Z579cWcUhQmyw2FUH2yLEJygq6,0
1xxQZ5m1EW9QdzyZGx48UJQWTEgXRezQP,0
1LsMe1Coyfv65sDdscuz5CwadMV9h5U7RJ,0
1BcF2EgcaAgcP4B3J6bNAJFpLeByhUAEJA,0
19DwGJBoA29bwnyUVx6c6KwvD3mpgXgU8N,25.28700000
16i96DgQHxMoGkiTai4HqmnYkzBvB1nkmt,0
1PD1eWNpkQfSDVYZxQsH6rq5WBDuywihvx,0
124shFrMF7k4WAg6SDLX1nxoaFP3PYzSHM,0
1CCfBoJDo59Kf2VwVgDwhyVUUKYKkRHmQD,0
1KYd94iSyPJQj6xC3CzRH2qnwwegxL1haZ,0
1HAFEW8fDZYmqVNyAR3yLEExpPHHhtHwDm,0
1G85MR5giYJ2JT8cMRZqjALuaVTMUK8DYq,0
1HHMCqnH3VJwdYVVGNSYHovGMjuna1bEHm,0
14suG4CkrzH2Djcug1RXM3riBTfpDBtWZQ,0
1KMi13qHJqC5sc5tTwcJ2e1v7HcXgp4N98,0
19rTam7S91TL1wXrFgyM238EbhBVgGeRoE,0
1PS5RQsVii6gJLf1DaKKNSbftN7ruRTrF2,0
1AFBYN3ATYU3eMz9Qt8wMg98aA2Mi1q8yQ,0
1GtVVEmNZsJkAbs3gnMFWShZUvqymDnC2z,0
12fVK7ZA1eSNCkvBEXgaKkeG9fV4BNNTFd,0
1GMrkQpPVkc67ADq5TqZuui1uGNnEgxmDJ,0
1CkpSRCq1x6gGL1sL8h4mcBSvqMT49kBSs,0
1Cn3cHXHKQDaWmiDpGNqZAq2NH5roRjUDn,0
12XqqFSJcgVmnMvhDuqegAxpP1kPNGGsxz,0
1DJqPfsnu491VzR5fjjiqaW5B6D6SuzR3f,0
1rNRQ75st6uu46pJGVCTnYrAJuZQDvk6Y,0
15whVuoFk4NGP4LeK8fJf5yHXgoni7euRB,0
15zQwa2XgNy4D2kK5rbHG5u5tor1Fwnxzi,0
1KpY4XXsNDNQmMNzX6hZke88Ac4nDkULom,0
12QqYYfaSyMi2AGyUBQKnEJU4WKooxrQrS,0
1P6uwAaNnvJavq6LgdrmkDUop58pB9jVw6,0
1WSuxyif9MMHZxfCDSNXiMyvye32JCNut,0
17HU2crRF9mhwENdStoSs5Tzt55FeCrfS2,0
1GiZKCf5Ld31QEsTDresaEGktC5qQhn1Sw,0
1AkR7U89NrtiKBoJE4cMje8s9MJgBCC2qq,0
13roRiCtZtt72iTDCb6Ta3GAVsmHsdPbZc,0
18cfLERnbpKmbe7bdTB6J4mxJ6CBdZcxHm,0
1GyULX3Lz3a9wYECYXELn5RnEPmdCfAWAW,0
1F7xAGmuq4qKie3mEu1SVpdpf8AYGGeR46,0
1XAY5ETZREpkEpQtm3jjoa9J8tuDPPFsQ,0
1ByFTrBqNoYQTFXZhRQSbwNPhtxp3bWR3p,25.00950000
1PLJcUaDJSWqjCoVsrQd8hGi9oj8qvu2YT,0
1NLgQCQEDHhMmeCAmaxDD7axMNdhPx2zTk,0
1CvR1dBQt1bZtsn6R2fn3g4ZiNYga1VdnT,0
1NZJcAY7fETQzJLCpEKs2cozGXfHVBcBVE,0
19jxfAiAt7NF8wBfYAXpNcMJHHrf6EtRu1,0
178rSgxqXLkc312QMdvDgseDCaRduwfRFm,25.39150010
1HDWUgoggYZ7oBUR8iEUVJ6YECeD44FoRB,0
1DoQ8AWkEsRv4P3e5vNHG2dtTUtYrXTRQy,0
1Q9CVTWi4p6377wXZQFM6xer1m2dXrLt1d,0
1A92TTuF7wwYnnaVLMw5AVcBsbMmJttbTq,0
1ATuwvQEPHy8q4HfB2rGKu3XFxS57qEBzV,0
1M2S6kQ5RYhe1BDx2Kwr3855RXfF4W8Ufa,0
1BXDAeq6GR1oNjbTfTVeLBwu5CDtNS5iFA,0
1JwRgJErpTHuXcnuCaC3uPJKEGDmSwHGra,0
123j1ibw8LoKLstZd7LdaNEsoGmhrfurip,0
1MvZAYHJ9KtMYZ6vjvPaTYx8XdhUPuF9og,0
169uBBrbN18EdENbWuDvpvCoCTvPBnTzLY,0
12rXzab3QTNbNKgaoczgLfP4G9eCgTxL9K,0
12FbVu9ybcUim3oCmZA4SKjhLNKxmdFSy2,0
1EKpcK9RrDEMKQF5ifDPUsRokkabaLpKJs,0
1Nmj6Mgrit3aL4EwuFv8MQnsjqh61Qe94r,0
1BQEnZ7NVAaTGrh1D43YLDVUGunkXPBJvw,25.01660000
1K2CXFwDDh4BeyFstGNFdGou1PpyJiqy7R,0
1PCnpKBeSeumVN1GuvSvnD8RAJtfefm5Lt,0
1NmZEQZ2ZFryVBjx3BzeQGvEHPV4HZzy6d,0
1NKaBPagqBy1fKwnxmQp6sQE7qp2Hs3uDp,0
17m5AfcxuabhyFf6ZCQBXPPP5VDKqCcnem,0
1AS7zoFnG9pUw5CFmXrxXx158YoexZ7rTd,0
1Ff1ETeT7kM1n7A47jqENorwpGMnX5hbqR,0
18r3119RpdKqzZxfeAA1TDxWoBZxdoRmQT,0
19CHD9LFAkhc5JSCWhepRAkRJUWQcZQqdk,0
14cx2tZNRKCJW7KXiAArMyKwr41wUwNt22,0
1ECBCd3jv2CmLNuypFMNhZZ4U3xWwot6zW,0
1Cx6x2ko6UiyqHpLREJMJqdb558gBi8BL1,0
12vRZMdC1zVHkp5DLGWtWe3SvZRRm3eFTY,0
12mv76EPxcbSHZ6kGA8wtUYxtgfaC3uMfG,0
1KNFbUZnwJEKNg1iojzdPhmFpGa1iT9X88,0
1KrZBaJZPbEEC9sCYmg3Knes9gQyxKFJxZ,0
17NgT2S68TiufBmqSUxUqMDeiKUUagJ2sS,0
15QSWjoZNJQbaRXEQxjFKUBY7aTQ6nHLoB,0
1FLHkEqjwSKEqqJ3B4e49LxhXCGVVaMXv4,0
1PaPWVcoaoMwkgzBNGQcYCyhQ45RFQWqVH,0
14sxMwrDEpWmxpgffMiEvdRNiYjGuHNXpQ,0
1Hn6aARpLUzYctdThLk5XXWMawCt9TNirJ,0
1LfXAfKP5b9Zg2z8k7YNfCrVswbYEZHv1A,0
14oeiAahStJTD1uVfYuirfAFHSzUebQCax,0
13tCRkYGDnGPZMSxPB1txdP918JtMhGuqz,0
1P61d2JJmj5HRDwuKYAZoCbNKvnvHTx6fS,0
19Xkxf2o72zseQoY1mezuQve4CiPHVRXLh,0
13JEy4tpZGLBhZQ3PzKoAPqZYJbmJa3kgL,25.01400000
1Bi5GWTD1GUXCYY6pNao4zwC2WUpCLmqY3,0
1DPT1FmZjccEiZJXJca1Dc7PexZFbECnoG,0
1BcsHMG9H1RaqXPcL4Y3cKnjTgGswKRu7d,0
1D85qEeGE4PHm7Vmb63xyY2ZqgKdNR5Jda,0
1EubZASrfKU7i51FkGwC2P1oQy2iFf6qX,0
152K4MfU8yL62aWKE4TU4fPTsMU1fDi29E,0
19BJJnaF1nVi98vzzpJTcTvwQcgd4J9s3r,0
1Ba8Ca8x4yyK7WqYx2ifVEF68bfzG1VizX,0
1LA4pHzrVq8Z5mLtqqB4BmswS1cNeW4vjD,0
1H9sFo5FpSLuD9DmswNnMCuBnwJGgXreBP,0
166yi1z7a1d9t9pnbR1C3XBA3pwFEnncxv,0
1PrLSQzk7xff3huxbn23UzKenK6KuY3721,0
1PguAZGVK1mhQLWAU5jqbKDFK7KnBBZ5v,0
1Dukpkb8yFLKTVfATVQBaDPgb2fxDn3QWD,25.01300000
1iFenDcZ1TD7T4si5deTKBQ8BYhToue8h,0
1NbbVriuMQEKrUgpsgovFVx34C5CTYCzX4,0
12q8sRRKdPkpC3y8HdPRwffhj4EyZ1Xt4W,0
1M1oX9vCBaQoJjWaCZTG2pYvhDEjRGsZH3,0
17sGyYXixySvo9ffcTM9bisL52RLrcv9gT,0
15q4ZXF9fnD6njKMZkTdouSbxNvVZPMrjk,0
12QykZaf3qZbnehmzzLNvmjMv9nvSftLK8,0
1EV8EBH8FgD3WfrQP4iyFU3KhQpYZ4WdX6,0
